{ "compressionlevel":-1,
 "height":11,
 "infinite":false,
 "layers":[
        {
         "data":[0, 0, 0, 0, 0, 0, 0, 0, 0, 0, 0, 0, 0, 0, 0, 4, 4, 4, 4, 4, 4, 4, 4, 4, 4, 4, 4, 0, 0, 4, 4, 4, 4, 4, 4, 4, 4, 4, 4, 4, 4, 0, 0, 5, 5, 5, 5, 5, 5, 5, 5, 5, 4, 4, 4, 0, 0, 5, 4, 4, 4, 4, 4, 4, 4, 4, 4, 4, 4, 0, 0, 5, 4, 4, 4, 4, 4, 4, 4, 4, 4, 4, 4, 0, 0, 5, 4, 4, 4, 4, 4, 4, 4, 4, 4, 4, 4, 0, 0, 5, 4, 4, 4, 4, 4, 4, 4, 4, 4, 4, 4, 0, 0, 5, 4, 4, 4, 4, 4, 4, 4, 4, 4, 4, 4, 0, 0, 5, 4, 4, 4, 4, 4, 4, 4, 4, 4, 4, 4, 0, 0, 0, 0, 0, 0, 0, 0, 0, 0, 0, 0, 0, 0, 0],
         "height":11,
         "id":1,
         "name":"ground",
         "opacity":1,
         "type":"tilelayer",
         "visible":true,
         "width":14,
         "x":0,
         "y":0
        }, 
        {
         "data":[0, 0, 0, 0, 0, 0, 0, 0, 0, 0, 0, 0, 0, 0, 0, 0, 0, 0, 0, 0, 0, 0, 0, 0, 0, 0, 0, 0, 0, 0, 0, 0, 0, 0, 0, 0, 0, 0, 0, 0, 0, 0, 0, 689, 690, 0, 0, 0, 0, 0, 0, 0, 128, 0, 0, 0, 0, 0, 0, 0, 0, 0, 0, 0, 0, 0, 136, 0, 0, 0, 0, 678, 0, 680, 307, 308, 308, 308, 309, 0, 0, 0, 0, 0, 0, 686, 687, 688, 315, 316, 316, 316, 317, 0, 0, 0, 0, 0, 0, 694, 0, 696, 315, 316, 316, 316, 317, 0, 0, 0, 0, 0, 0, 0, 0, 0, 323, 324, 324, 324, 325, 0, 0, 0, 0, 0, 0, 0, 0, 0, 0, 0, 0, 0, 0, 0, 0, 0, 0, 0, 0, 0, 0, 0, 0, 0, 0, 0, 0, 0, 0, 0, 0, 0],
         "height":11,
         "id":2,
         "name":"floor",
         "opacity":1,
         "type":"tilelayer",
         "visible":true,
         "width":14,
         "x":0,
         "y":0
        }, 
        {
         "data":[2910, 2910, 2910, 2910, 2910, 2910, 2910, 2910, 2910, 2910, 2910, 2910, 2910, 2910, 2910, 21, 21, 21, 21, 21, 21, 21, 21, 21, 21, 21, 2910, 2910, 2910, 29, 29, 29, 29, 29, 29, 29, 29, 29, 29, 29, 2910, 2910, 2910, 0, 0, 0, 0, 0, 0, 0, 204, 0, 0, 0, 2910, 2910, 2910, 0, 0, 0, 0, 0, 0, 0, 212, 213, 0, 0, 2910, 2910, 2910, 0, 0, 0, 0, 0, 93, 0, 0, 0, 0, 0, 2910, 2910, 2910, 0, 0, 0, 0, 0, 101, 0, 0, 0, 0, 0, 2910, 2910, 2910, 0, 695, 0, 0, 0, 0, 0, 0, 0, 0, 0, 2910, 2910, 2910, 0, 0, 0, 0, 0, 0, 0, 0, 0, 0, 0, 2910, 2910, 2910, 0, 0, 0, 0, 0, 0, 0, 0, 0, 0, 0, 2910, 2910, 2910, 2910, 2910, 2910, 2910, 2910, 2910, 2910, 2910, 2910, 2910, 2910, 2910, 2910],
         "height":11,
         "id":3,
         "name":"collision",
         "opacity":1,
         "type":"tilelayer",
         "visible":true,
         "width":14,
         "x":0,
         "y":0
        }, 
        {
         "data":[0, 0, 0, 0, 0, 0, 0, 0, 0, 0, 0, 0, 0, 0, 0, 673, 674, 0, 81, 82, 0, 37, 0, 0, 54, 55, 0, 0, 0, 681, 682, 109, 89, 90, 0, 45, 0, 0, 62, 63, 0, 0, 0, 0, 0, 117, 97, 98, 0, 0, 0, 205, 0, 0, 0, 0, 0, 0, 0, 0, 0, 0, 85, 0, 0, 0, 0, 0, 0, 0, 0, 0, 679, 0, 0, 0, 0, 0, 0, 0, 0, 0, 0, 0, 0, 0, 0, 0, 0, 0, 220, 0, 0, 0, 0, 0, 0, 0, 0, 0, 0, 0, 0, 0, 228, 0, 0, 0, 0, 0, 0, 0, 0, 0, 0, 0, 0, 0, 0, 0, 0, 0, 0, 0, 0, 0, 0, 0, 0, 0, 0, 0, 0, 0, 0, 0, 0, 0, 0, 0, 0, 0, 0, 0, 0, 0, 0, 0, 0, 0, 0, 0, 0, 0],
         "height":11,
         "id":4,
         "name":"top",
         "opacity":1,
         "type":"tilelayer",
         "visible":true,
         "width":14,
         "x":0,
         "y":0
        }, 
        {
         "data":[0, 0, 0, 0, 0, 0, 0, 0, 0, 0, 0, 0, 0, 0, 0, 0, 0, 0, 0, 0, 0, 0, 0, 0, 0, 0, 0, 0, 0, 0, 0, 0, 0, 0, 0, 0, 0, 0, 0, 0, 0, 0, 0, 0, 0, 0, 0, 0, 0, 0, 0, 422, 0, 0, 0, 0, 0, 0, 0, 0, 0, 0, 0, 0, 0, 0, 0, 0, 0, 0, 0, 0, 0, 0, 0, 0, 0, 0, 0, 0, 0, 0, 0, 0, 0, 0, 0, 0, 0, 0, 0, 0, 0, 0, 0, 0, 0, 0, 0, 0, 0, 0, 0, 0, 0, 0, 0, 0, 0, 0, 0, 0, 0, 0, 0, 0, 0, 0, 0, 0, 0, 0, 0, 0, 0, 0, 0, 0, 0, 0, 0, 0, 0, 0, 0, 0, 0, 0, 0, 0, 0, 0, 0, 0, 0, 0, 0, 0, 0, 0, 0, 0, 0, 0],
         "height":11,
         "id":5,
         "name":"warps",
         "opacity":1,
         "properties":[
                {
                 "name":"9:3",
                 "type":"string",
                 "value":"MAP_HERO_HOUSE_FLOOR1=10:3"
                }],
         "type":"tilelayer",
         "visible":true,
         "width":14,
         "x":0,
         "y":0
        }],
 "nextlayerid":6,
 "nextobjectid":1,
 "orientation":"orthogonal",
 "renderorder":"right-down",
 "tiledversion":"1.6.0",
 "tileheight":32,
 "tilesets":[
        {
         "columns":8,
         "firstgid":1,
         "image":"..\/tileset\/gen3_inside.png",
         "imageheight":31942,
         "imagewidth":256,
         "margin":0,
         "name":"All Inner Extended",
         "spacing":0,
         "tilecount":7984,
         "tileheight":32,
         "tilewidth":32
        }],
 "tilewidth":32,
 "type":"map",
 "version":"1.6",
 "width":14
}